Driver,Wins,Win Percentage
Michael Schumacher MSC,90,8.78
Lewis Hamilton HAM,89,8.68
Sebastian Vettel VET,53,5.17
Alain Prost PRO,51,4.98
Ayrton Senna SEN,41,4.0
Fernando Alonso ALO,32,3.12
Nigel Mansell MAN,31,3.02
Jackie Stewart STE,27,2.63
Niki Lauda LAU,25,2.44
Jim Clark CLA,25,2.44
Juan Manuel Fangio FAN,23,2.24
Nelson Piquet PIQ,23,2.24
Nico Rosberg ROS,23,2.24
Damon Hill HIL,22,2.15
Kimi RÃ¤ikkÃ¶nen RAI,21,2.05
Mika Hakkinen HAK,20,1.95
Jack Brabham BRA,15,1.46
Stirling Moss MOS,15,1.46
Jenson Button BUT,15,1.46
Emerson Fittipaldi FIT,14,1.37
Graham Hill HIL,14,1.37
David Coulthard COU,13,1.27
Alberto Ascari ASC,13,1.27
Carlos Reutemann REU,12,1.17
Mario Andretti AND,12,1.17
Alan Jones JON,11,1.07
Felipe Massa MAS,11,1.07
Rubens Barrichello BAR,11,1.07
Jacques Villeneuve VIL,11,1.07
Gerhard Berger BER,10,0.98
Jody Scheckter SCH,10,0.98
James Hunt HUN,10,0.98
Ronnie Peterson PET,10,0.98
Max Verstappen VER,9,0.88
Mark Webber WEB,9,0.88
Valtteri Bottas BOT,8,0.78
Jacky Ickx ICK,8,0.78
Denny Hulme HUL,8,0.78
Rene Arnoux ARN,7,0.68
Daniel Ricciardo RIC,7,0.68
Juan Pablo Montoya MOY,7,0.68
Jochen Rindt RIN,6,0.59
Tony Brooks BRO,6,0.59
John Surtees SUR,6,0.59
Ralf Schumacher RSC,6,0.59
Jacques Laffite LAF,6,0.59
Gilles Villeneuve VIL,6,0.59
Riccardo Patrese PAT,6,0.59
Nino Farina FAR,5,0.49
Clay Regazzoni REG,5,0.49
John Watson WAT,5,0.49
Keke Rosberg ROS,5,0.49
Michele Alboreto ALB,4,0.39
Eddie Irvine IRV,4,0.39
Dan Gurney GUR,4,0.39
Heinz-Harald Frentzen FRE,3,0.29
Giancarlo Fisichella FIS,3,0.29
Didier Pironi PIR,3,0.29
Johnny Herbert HER,3,0.29
Thierry Boutsen BOU,3,0.29
Peter Collins COL,3,0.29
Phil Hill HIL,3,0.29
Bruce McLaren MCL,3,0.29
Mike Hawthorn HAW,3,0.29
Jo Siffert SIF,2,0.2
Pedro Rodriguez ROD,2,0.2
Wolfgang von Trips VON,2,0.2
Jose Froilan Gonzalez GON,2,0.2
Charles Leclerc LEC,2,0.2
Maurice Trintignant TRI,2,0.2
Bill Vukovich VUK,2,0.2
Peter Revson REV,2,0.2
Patrick Depailler DEP,2,0.2
Patrick Tambay TAM,2,0.2
Jean-Pierre Jabouille JAB,2,0.2
Elio de Angelis DEA,2,0.2
Richie Ginther GIN,1,0.1
Lorenzo Bandini BAN,1,0.1
Ludovico Scarfiotti SCA,1,0.1
Rodger Ward WAR,1,0.1
Jim Rathmann RAT,1,0.1
Jo Bonnier BON,1,0.1
Giancarlo Baghetti BAG,1,0.1
Pat Flaherty FLA,1,0.1
Jimmy Bryan BRY,1,0.1
Sam Hanks HAN,1,0.1
Luigi Musso MUS,1,0.1
Innes Ireland IRE,1,0.1
Lee Wallard WAL,1,0.1
Piero Taruffi TAR,1,0.1
Troy Ruttman RUT,1,0.1
Bob Sweikert SWE,1,0.1
Johnnie Parsons PAR,1,0.1
Francois Cevert CEV,1,0.1
Jean-Pierre Beltoise BEL,1,0.1
Peter Gethin GET,1,0.1
Vittorio Brambilla BRA,1,0.1
Jochen Mass MAS,1,0.1
Carlos Pace PAC,1,0.1
Gunnar Nilsson NIL,1,0.1
Alan Jones,1,0.1
Olivier Panis PAN,1,0.1
Alessandro Nannini NAN,1,0.1
Jean Alesi ALE,1,0.1
Heikki Kovalainen KOV,1,0.1
Robert Kubica KUB,1,0.1
Jarno Trulli TRU,1,0.1
Pastor Maldonado MAL,1,0.1
